airport,timezone,iata,icao,terminal,gate,baggage,delay,scheduled,estimated,actual,estimated_runway,actual_runway,id
Penang International,Asia/Kuala_Lumpur,PEN,WMKP,4,,,13.0,2024-01-19T16:20:00+00:00,2024-01-19T16:20:00+00:00,2024-01-19T16:33:00+00:00,2024-01-19T16:33:00+00:00,2024-01-19T16:33:00+00:00,PEN2024-01-19T16:20:00+00:002024-01-19T16:20:00+00:002024-01-19T16:33:00+00:00
Ninoy Aquino International,Asia/Manila,MNL,RPLL,3,,,25.0,2024-01-19T18:30:00+00:00,2024-01-19T18:30:00+00:00,2024-01-19T18:55:00+00:00,2024-01-19T18:55:00+00:00,2024-01-19T18:55:00+00:00,MNL2024-01-19T18:30:00+00:002024-01-19T18:30:00+00:002024-01-19T18:55:00+00:00
Nanchang,Asia/Shanghai,KHN,ZSCN,T2,,102,,2024-01-19T19:15:00+00:00,2024-01-19T19:15:00+00:00,2024-01-19T18:57:00+00:00,2024-01-19T18:57:00+00:00,2024-01-19T18:57:00+00:00,KHN2024-01-19T19:15:00+00:002024-01-19T19:15:00+00:002024-01-19T18:57:00+00:00
"Sultan Aji Muhamad Sulaiman Airport
",,BPN,WALL,1,,,52.0,2024-01-19T16:40:00+00:00,2024-01-19T16:40:00+00:00,,,,BPN2024-01-19T16:40:00+00:002024-01-19T16:40:00+00:00
Krabi,Asia/Bangkok,KBV,VTSG,2,,,,2024-01-19T15:25:00+00:00,2024-01-19T15:25:00+00:00,2024-01-19T15:04:00+00:00,2024-01-19T15:04:00+00:00,2024-01-19T15:04:00+00:00,KBV2024-01-19T15:25:00+00:002024-01-19T15:25:00+00:002024-01-19T15:04:00+00:00
Singapore Changi,Asia/Singapore,SIN,WSSS,1,,10,19.0,2024-01-19T17:25:00+00:00,2024-01-19T17:25:00+00:00,2024-01-19T17:43:00+00:00,2024-01-19T17:43:00+00:00,2024-01-19T17:43:00+00:00,SIN2024-01-19T17:25:00+00:002024-01-19T17:25:00+00:002024-01-19T17:43:00+00:00
Hat Yai,Asia/Bangkok,HDY,VTSS,2,,,,2024-01-19T15:00:00+00:00,2024-01-19T15:00:00+00:00,2024-01-19T14:46:00+00:00,2024-01-19T14:46:00+00:00,2024-01-19T14:46:00+00:00,HDY2024-01-19T15:00:00+00:002024-01-19T15:00:00+00:002024-01-19T14:46:00+00:00
Singapore Changi,Asia/Singapore,SIN,WSSS,1,,20,,2024-01-19T17:15:00+00:00,2024-01-19T17:15:00+00:00,2024-01-19T17:12:00+00:00,2024-01-19T17:12:00+00:00,2024-01-19T17:12:00+00:00,SIN2024-01-19T17:15:00+00:002024-01-19T17:15:00+00:002024-01-19T17:12:00+00:00
Singapore Changi,Asia/Singapore,SIN,WSSS,1,,12,1.0,2024-01-19T16:45:00+00:00,2024-01-19T16:45:00+00:00,2024-01-19T16:45:00+00:00,2024-01-19T16:45:00+00:00,2024-01-19T16:45:00+00:00,SIN2024-01-19T16:45:00+00:002024-01-19T16:45:00+00:002024-01-19T16:45:00+00:00
Taiwan Taoyuan International (Chiang Kai Shek International),Asia/Taipei,TPE,RCTP,1,B7,1B,,2024-01-19T15:10:00+00:00,2024-01-19T15:10:00+00:00,2024-01-19T14:33:00+00:00,2024-01-19T14:33:00+00:00,2024-01-19T14:33:00+00:00,TPE2024-01-19T15:10:00+00:002024-01-19T15:10:00+00:002024-01-19T14:33:00+00:00
Tan Son Nhat International,Asia/Ho_Chi_Minh,SGN,VVTS,2,,,9.0,2024-01-19T14:10:00+00:00,2024-01-19T14:10:00+00:00,2024-01-19T14:19:00+00:00,2024-01-19T14:19:00+00:00,2024-01-19T14:19:00+00:00,SGN2024-01-19T14:10:00+00:002024-01-19T14:10:00+00:002024-01-19T14:19:00+00:00
Ngurah Rai International,Asia/Makassar,DPS,WADD,I,,4,,2024-01-19T13:45:00+00:00,2024-01-19T13:45:00+00:00,2024-01-19T13:20:00+00:00,2024-01-19T13:20:00+00:00,2024-01-19T13:20:00+00:00,DPS2024-01-19T13:45:00+00:002024-01-19T13:45:00+00:002024-01-19T13:20:00+00:00
Singapore Changi,Asia/Singapore,SIN,WSSS,1,,11,18.0,2024-01-19T12:55:00+00:00,2024-01-19T12:55:00+00:00,2024-01-19T13:12:00+00:00,2024-01-19T13:12:00+00:00,2024-01-19T13:12:00+00:00,SIN2024-01-19T12:55:00+00:002024-01-19T12:55:00+00:002024-01-19T13:12:00+00:00
Macau International,Asia/Macau,MFM,VMMC,T1,,,,2024-01-19T17:40:00+00:00,2024-01-19T17:40:00+00:00,2024-01-19T17:31:00+00:00,2024-01-19T17:31:00+00:00,2024-01-19T17:31:00+00:00,MFM2024-01-19T17:40:00+00:002024-01-19T17:40:00+00:002024-01-19T17:31:00+00:00
Kuantan,Asia/Kuala_Lumpur,KUA,WMKD,1,,,,2024-01-19T14:20:00+00:00,2024-01-19T14:20:00+00:00,2024-01-19T14:02:00+00:00,2024-01-19T14:02:00+00:00,2024-01-19T14:02:00+00:00,KUA2024-01-19T14:20:00+00:002024-01-19T14:20:00+00:002024-01-19T14:02:00+00:00
Berlin Brandenburg Airport,+1,BER,EDDB,1,Y03,B3,9.0,2024-01-19T09:20:00+00:00,2024-01-19T09:20:00+00:00,2024-01-19T09:29:00+00:00,2024-01-19T09:29:00+00:00,2024-01-19T09:29:00+00:00,BER2024-01-19T09:20:00+00:002024-01-19T09:20:00+00:002024-01-19T09:29:00+00:00
Singapore Changi,Asia/Singapore,SIN,WSSS,1,,16,12.0,2024-01-19T19:00:00+00:00,2024-01-19T19:00:00+00:00,2024-01-19T19:12:00+00:00,2024-01-19T19:12:00+00:00,2024-01-19T19:12:00+00:00,SIN2024-01-19T19:00:00+00:002024-01-19T19:00:00+00:002024-01-19T19:12:00+00:00
Singapore Changi,Asia/Singapore,SIN,WSSS,1,,18,2.0,2024-01-19T15:20:00+00:00,2024-01-19T15:20:00+00:00,2024-01-19T15:02:00+00:00,2024-01-19T15:02:00+00:00,2024-01-19T15:02:00+00:00,SIN2024-01-19T15:20:00+00:002024-01-19T15:20:00+00:002024-01-19T15:02:00+00:00
Singapore Changi,Asia/Singapore,SIN,WSSS,1,,17,31.0,2024-01-19T13:35:00+00:00,2024-01-19T13:35:00+00:00,2024-01-19T14:05:00+00:00,2024-01-19T14:05:00+00:00,2024-01-19T14:05:00+00:00,SIN2024-01-19T13:35:00+00:002024-01-19T13:35:00+00:002024-01-19T14:05:00+00:00
Singapore Changi,Asia/Singapore,SIN,WSSS,1,,11,56.0,2024-01-19T17:05:00+00:00,2024-01-19T17:05:00+00:00,,,,SIN2024-01-19T17:05:00+00:002024-01-19T17:05:00+00:00
Singapore Changi,Asia/Singapore,SIN,WSSS,1,,18,67.0,2024-01-19T19:15:00+00:00,2024-01-19T19:15:00+00:00,,,,SIN2024-01-19T19:15:00+00:002024-01-19T19:15:00+00:00
Singapore Changi,Asia/Singapore,SIN,WSSS,3,,45,,2024-01-19T13:20:00+00:00,2024-01-19T13:20:00+00:00,2024-01-19T12:43:00+00:00,2024-01-19T12:43:00+00:00,2024-01-19T12:43:00+00:00,SIN2024-01-19T13:20:00+00:002024-01-19T13:20:00+00:002024-01-19T12:43:00+00:00
Singapore Changi,Asia/Singapore,SIN,WSSS,1,,12,9.0,2024-01-19T19:30:00+00:00,2024-01-19T19:30:00+00:00,2024-01-19T19:38:00+00:00,2024-01-19T19:38:00+00:00,2024-01-19T19:38:00+00:00,SIN2024-01-19T19:30:00+00:002024-01-19T19:30:00+00:002024-01-19T19:38:00+00:00
Singapore Changi,Asia/Singapore,SIN,WSSS,1,,10,3.0,2024-01-19T15:25:00+00:00,2024-01-19T15:25:00+00:00,2024-01-19T15:23:00+00:00,2024-01-19T15:23:00+00:00,2024-01-19T15:23:00+00:00,SIN2024-01-19T15:25:00+00:002024-01-19T15:25:00+00:002024-01-19T15:23:00+00:00
Singapore Changi,Asia/Singapore,SIN,WSSS,1,,10,,2024-01-19T14:10:00+00:00,2024-01-19T14:10:00+00:00,2024-01-19T13:38:00+00:00,2024-01-19T13:38:00+00:00,2024-01-19T13:38:00+00:00,SIN2024-01-19T14:10:00+00:002024-01-19T14:10:00+00:002024-01-19T13:38:00+00:00
Chiang Mai International,Asia/Bangkok,CNX,VTCC,I,,,,2024-01-19T11:00:00+00:00,2024-01-19T11:00:00+00:00,2024-01-19T10:49:00+00:00,2024-01-19T10:49:00+00:00,2024-01-19T10:49:00+00:00,CNX2024-01-19T11:00:00+00:002024-01-19T11:00:00+00:002024-01-19T10:49:00+00:00
Singapore Changi,Asia/Singapore,SIN,WSSS,1,,10,,2024-01-19T09:40:00+00:00,2024-01-19T09:40:00+00:00,2024-01-19T09:19:00+00:00,2024-01-19T09:19:00+00:00,2024-01-19T09:19:00+00:00,SIN2024-01-19T09:40:00+00:002024-01-19T09:40:00+00:002024-01-19T09:19:00+00:00
Diosdado Macapagal International (Clark International),Asia/Manila,CRK,RPLC,1,,,,2024-01-19T08:05:00+00:00,2024-01-19T08:05:00+00:00,2024-01-19T07:41:00+00:00,2024-01-19T07:41:00+00:00,2024-01-19T07:41:00+00:00,CRK2024-01-19T08:05:00+00:002024-01-19T08:05:00+00:002024-01-19T07:41:00+00:00
Singapore Changi,Asia/Singapore,SIN,WSSS,1,,16,48.0,2024-01-19T10:40:00+00:00,2024-01-19T10:40:00+00:00,2024-01-19T11:27:00+00:00,2024-01-19T11:27:00+00:00,2024-01-19T11:27:00+00:00,SIN2024-01-19T10:40:00+00:002024-01-19T10:40:00+00:002024-01-19T11:27:00+00:00
Singapore Changi,Asia/Singapore,SIN,WSSS,1,,11,63.0,2024-01-19T17:20:00+00:00,2024-01-19T17:20:00+00:00,,,,SIN2024-01-19T17:20:00+00:002024-01-19T17:20:00+00:00
Hong Kong International,Asia/Hong_Kong,HKG,VHHH,1,,10,,2024-01-19T10:05:00+00:00,2024-01-19T10:05:00+00:00,2024-01-19T09:52:00+00:00,2024-01-19T09:52:00+00:00,2024-01-19T09:52:00+00:00,HKG2024-01-19T10:05:00+00:002024-01-19T10:05:00+00:002024-01-19T09:52:00+00:00
Singapore Changi,Asia/Singapore,SIN,WSSS,1,,14,,2024-01-19T16:10:00+00:00,2024-01-19T16:10:00+00:00,2024-01-19T15:52:00+00:00,2024-01-19T15:52:00+00:00,2024-01-19T15:52:00+00:00,SIN2024-01-19T16:10:00+00:002024-01-19T16:10:00+00:002024-01-19T15:52:00+00:00
Singapore Changi,Asia/Singapore,SIN,WSSS,1,,10,,2024-01-19T10:30:00+00:00,2024-01-19T10:30:00+00:00,2024-01-19T10:10:00+00:00,2024-01-19T10:10:00+00:00,2024-01-19T10:10:00+00:00,SIN2024-01-19T10:30:00+00:002024-01-19T10:30:00+00:002024-01-19T10:10:00+00:00
Taiwan Taoyuan International (Chiang Kai Shek International),Asia/Taipei,TPE,RCTP,1,B5,2,,2024-01-19T17:10:00+00:00,2024-01-19T17:10:00+00:00,2024-01-19T16:49:00+00:00,2024-01-19T16:49:00+00:00,2024-01-19T16:49:00+00:00,TPE2024-01-19T17:10:00+00:002024-01-19T17:10:00+00:002024-01-19T16:49:00+00:00
Melbourne - Tullamarine Airport,Australia/Melbourne,MEL,YMML,2,16,,,2024-01-19T20:15:00+00:00,2024-01-19T20:15:00+00:00,2024-01-19T20:00:00+00:00,2024-01-19T20:00:00+00:00,2024-01-19T20:00:00+00:00,MEL2024-01-19T20:15:00+00:002024-01-19T20:15:00+00:002024-01-19T20:00:00+00:00
Singapore Changi,Asia/Singapore,SIN,WSSS,1,,17,1.0,2024-01-19T15:10:00+00:00,2024-01-19T15:10:00+00:00,2024-01-19T15:04:00+00:00,2024-01-19T15:04:00+00:00,2024-01-19T15:04:00+00:00,SIN2024-01-19T15:10:00+00:002024-01-19T15:10:00+00:002024-01-19T15:04:00+00:00
Singapore Changi,Asia/Singapore,SIN,WSSS,1,,20,1.0,2024-01-19T14:25:00+00:00,2024-01-19T14:25:00+00:00,2024-01-19T14:26:00+00:00,2024-01-19T14:26:00+00:00,2024-01-19T14:26:00+00:00,SIN2024-01-19T14:25:00+00:002024-01-19T14:25:00+00:002024-01-19T14:26:00+00:00
Singapore Changi,Asia/Singapore,SIN,WSSS,1,,11,,2024-01-19T14:10:00+00:00,2024-01-19T14:10:00+00:00,2024-01-19T14:09:00+00:00,2024-01-19T14:09:00+00:00,2024-01-19T14:09:00+00:00,SIN2024-01-19T14:10:00+00:002024-01-19T14:10:00+00:002024-01-19T14:09:00+00:00
Guangzhou Baiyun International,Asia/Shanghai,CAN,ZGGG,1,,3,,2024-01-19T09:30:00+00:00,2024-01-19T09:30:00+00:00,2024-01-19T09:05:00+00:00,2024-01-19T09:05:00+00:00,2024-01-19T09:05:00+00:00,CAN2024-01-19T09:30:00+00:002024-01-19T09:30:00+00:002024-01-19T09:05:00+00:00
Raja Sansi International Airport,Asia/Kolkata,ATQ,VIAR,1,,,70.0,2024-01-19T09:05:00+00:00,2024-01-19T09:05:00+00:00,,,,ATQ2024-01-19T09:05:00+00:002024-01-19T09:05:00+00:00
Jeju Airport,Asia/Seoul,CJU,RKPC,I,2,2,,2024-01-19T12:25:00+00:00,2024-01-19T12:25:00+00:00,2024-01-19T11:55:00+00:00,2024-01-19T11:55:00+00:00,2024-01-19T11:55:00+00:00,CJU2024-01-19T12:25:00+00:002024-01-19T12:25:00+00:002024-01-19T11:55:00+00:00
Francisco Bangoy International,Asia/Manila,DVO,RPMD,3,,,6.0,2024-01-19T16:20:00+00:00,2024-01-19T16:20:00+00:00,2024-01-19T16:25:00+00:00,2024-01-19T16:25:00+00:00,2024-01-19T16:25:00+00:00,DVO2024-01-19T16:20:00+00:002024-01-19T16:20:00+00:002024-01-19T16:25:00+00:00
Singapore Changi,Asia/Singapore,SIN,WSSS,1,,14,4.0,2024-01-19T13:45:00+00:00,2024-01-19T13:45:00+00:00,2024-01-19T13:49:00+00:00,2024-01-19T13:49:00+00:00,2024-01-19T13:49:00+00:00,SIN2024-01-19T13:45:00+00:002024-01-19T13:45:00+00:002024-01-19T13:49:00+00:00
Singapore Changi,Asia/Singapore,SIN,WSSS,1,,14,20.0,2024-01-19T18:30:00+00:00,2024-01-19T18:30:00+00:00,2024-01-19T18:49:00+00:00,2024-01-19T18:49:00+00:00,2024-01-19T18:49:00+00:00,SIN2024-01-19T18:30:00+00:002024-01-19T18:30:00+00:002024-01-19T18:49:00+00:00
Singapore Changi,Asia/Singapore,SIN,WSSS,1,,10,,2024-01-19T12:10:00+00:00,2024-01-19T12:10:00+00:00,2024-01-19T12:02:00+00:00,2024-01-19T12:02:00+00:00,2024-01-19T12:02:00+00:00,SIN2024-01-19T12:10:00+00:002024-01-19T12:10:00+00:002024-01-19T12:02:00+00:00
Singapore Changi,Asia/Singapore,SIN,WSSS,1,,19,40.0,2024-01-19T08:15:00+00:00,2024-01-19T08:15:00+00:00,2024-01-19T08:55:00+00:00,2024-01-19T08:55:00+00:00,2024-01-19T08:55:00+00:00,SIN2024-01-19T08:15:00+00:002024-01-19T08:15:00+00:002024-01-19T08:55:00+00:00
Singapore Changi,Asia/Singapore,SIN,WSSS,1,,17,2.0,2024-01-19T13:15:00+00:00,2024-01-19T13:15:00+00:00,2024-01-19T13:17:00+00:00,2024-01-19T13:17:00+00:00,2024-01-19T13:17:00+00:00,SIN2024-01-19T13:15:00+00:002024-01-19T13:15:00+00:002024-01-19T13:17:00+00:00
Singapore Changi,Asia/Singapore,SIN,WSSS,1,,12,,2024-01-19T15:45:00+00:00,2024-01-19T15:45:00+00:00,2024-01-19T15:33:00+00:00,2024-01-19T15:33:00+00:00,2024-01-19T15:33:00+00:00,SIN2024-01-19T15:45:00+00:002024-01-19T15:45:00+00:002024-01-19T15:33:00+00:00
Phuket International,Asia/Bangkok,HKT,VTSP,I,,,,2024-01-19T12:55:00+00:00,2024-01-19T12:55:00+00:00,2024-01-19T12:49:00+00:00,2024-01-19T12:49:00+00:00,2024-01-19T12:49:00+00:00,HKT2024-01-19T12:55:00+00:002024-01-19T12:55:00+00:002024-01-19T12:49:00+00:00
Kota-Kinabalu International Airport,Asia/Kuching,BKI,WBKK,1,,,,2024-01-19T14:15:00+00:00,2024-01-19T14:15:00+00:00,2024-01-19T13:56:00+00:00,2024-01-19T13:56:00+00:00,2024-01-19T13:56:00+00:00,BKI2024-01-19T14:15:00+00:002024-01-19T14:15:00+00:002024-01-19T13:56:00+00:00
Singapore Changi,Asia/Singapore,SIN,WSSS,1,,14,,2024-01-19T16:30:00+00:00,2024-01-19T16:30:00+00:00,2024-01-19T15:31:00+00:00,2024-01-19T15:31:00+00:00,2024-01-19T15:31:00+00:00,SIN2024-01-19T16:30:00+00:002024-01-19T16:30:00+00:002024-01-19T15:31:00+00:00
Soekarno-Hatta International,Asia/Jakarta,CGK,WIII,2,,,1.0,2024-01-19T10:35:00+00:00,2024-01-19T10:35:00+00:00,2024-01-19T10:35:00+00:00,2024-01-19T10:35:00+00:00,2024-01-19T10:35:00+00:00,CGK2024-01-19T10:35:00+00:002024-01-19T10:35:00+00:002024-01-19T10:35:00+00:00
Samratulangi,Asia/Makassar,MDC,WAMM,3,,,14.0,2024-01-19T13:00:00+00:00,2024-01-19T13:00:00+00:00,2024-01-19T13:13:00+00:00,2024-01-19T13:13:00+00:00,2024-01-19T13:13:00+00:00,MDC2024-01-19T13:00:00+00:002024-01-19T13:00:00+00:002024-01-19T13:13:00+00:00
Suvarnabhumi International,Asia/Bangkok,BKK,VTBS,MAIN,,,,2024-01-19T10:55:00+00:00,2024-01-19T10:55:00+00:00,2024-01-19T10:51:00+00:00,2024-01-19T10:51:00+00:00,2024-01-19T10:51:00+00:00,BKK2024-01-19T10:55:00+00:002024-01-19T10:55:00+00:002024-01-19T10:51:00+00:00
Singapore Changi,Asia/Singapore,SIN,WSSS,1,,19,4.0,2024-01-19T07:15:00+00:00,2024-01-19T07:15:00+00:00,2024-01-19T07:18:00+00:00,2024-01-19T07:18:00+00:00,2024-01-19T07:18:00+00:00,SIN2024-01-19T07:15:00+00:002024-01-19T07:15:00+00:002024-01-19T07:18:00+00:00
Jinan,Asia/Shanghai,TNA,ZSJN,2,,9,1.0,2024-01-19T06:20:00+00:00,2024-01-19T06:20:00+00:00,2024-01-19T06:20:00+00:00,2024-01-19T06:20:00+00:00,2024-01-19T06:20:00+00:00,TNA2024-01-19T06:20:00+00:002024-01-19T06:20:00+00:002024-01-19T06:20:00+00:00
"Athens International Airport ""Eleftherios Venizelos""",Europe/Athens,ATH,LGAV,3,,,2.0,2024-01-19T06:25:00+00:00,2024-01-19T06:25:00+00:00,2024-01-19T06:15:00+00:00,2024-01-19T06:15:00+00:00,2024-01-19T06:15:00+00:00,ATH2024-01-19T06:25:00+00:002024-01-19T06:25:00+00:002024-01-19T06:15:00+00:00
Melbourne - Tullamarine Airport,Australia/Melbourne,MEL,YMML,2,5,,1.0,2024-01-19T11:40:00+00:00,2024-01-19T11:40:00+00:00,2024-01-19T11:40:00+00:00,2024-01-19T11:40:00+00:00,2024-01-19T11:40:00+00:00,MEL2024-01-19T11:40:00+00:002024-01-19T11:40:00+00:002024-01-19T11:40:00+00:00
Ninoy Aquino International,Asia/Manila,MNL,RPLL,3,,,,2024-01-19T05:00:00+00:00,2024-01-19T05:00:00+00:00,2024-01-19T04:39:00+00:00,2024-01-19T04:39:00+00:00,2024-01-19T04:39:00+00:00,MNL2024-01-19T05:00:00+00:002024-01-19T05:00:00+00:002024-01-19T04:39:00+00:00
Suvarnabhumi International,Asia/Bangkok,BKK,VTBS,3,,,,2024-01-19T08:30:00+00:00,2024-01-19T08:30:00+00:00,2024-01-19T08:15:00+00:00,2024-01-19T08:15:00+00:00,2024-01-19T08:15:00+00:00,BKK2024-01-19T08:30:00+00:002024-01-19T08:30:00+00:002024-01-19T08:15:00+00:00
Fuzhou,Asia/Shanghai,FOC,ZSFZ,2,,1,16.0,2024-01-19T11:25:00+00:00,2024-01-19T11:25:00+00:00,2024-01-19T11:41:00+00:00,2024-01-19T11:41:00+00:00,2024-01-19T11:41:00+00:00,FOC2024-01-19T11:25:00+00:002024-01-19T11:25:00+00:002024-01-19T11:41:00+00:00
Sydney Kingsford Smith Airport,Australia/Sydney,SYD,YSSY,1,50,5,1.0,2024-01-19T13:00:00+00:00,2024-01-19T13:00:00+00:00,2024-01-19T13:00:00+00:00,2024-01-19T13:00:00+00:00,2024-01-19T13:00:00+00:00,SYD2024-01-19T13:00:00+00:002024-01-19T13:00:00+00:002024-01-19T13:00:00+00:00
Zhengzhou,Asia/Shanghai,CGO,ZHCC,2,,,8.0,2024-01-19T06:50:00+00:00,2024-01-19T06:50:00+00:00,2024-01-19T06:57:00+00:00,2024-01-19T06:57:00+00:00,2024-01-19T06:57:00+00:00,CGO2024-01-19T06:50:00+00:002024-01-19T06:50:00+00:002024-01-19T06:57:00+00:00
Tianjin Binhai International,Asia/Shanghai,TSN,ZBTJ,1,,1,,2024-01-19T07:25:00+00:00,2024-01-19T07:25:00+00:00,2024-01-19T07:08:00+00:00,2024-01-19T07:08:00+00:00,2024-01-19T07:08:00+00:00,TSN2024-01-19T07:25:00+00:002024-01-19T07:25:00+00:002024-01-19T07:08:00+00:00
Taiwan Taoyuan International (Chiang Kai Shek International),Asia/Taipei,TPE,RCTP,1,B5,1A,,2024-01-19T05:35:00+00:00,2024-01-19T05:35:00+00:00,2024-01-19T05:22:00+00:00,2024-01-19T05:22:00+00:00,2024-01-19T05:22:00+00:00,TPE2024-01-19T05:35:00+00:002024-01-19T05:35:00+00:002024-01-19T05:22:00+00:00
Taiwan Taoyuan International (Chiang Kai Shek International),Asia/Taipei,TPE,RCTP,1,B4,3B,19.0,2024-01-19T04:55:00+00:00,2024-01-19T04:55:00+00:00,2024-01-19T05:14:00+00:00,2024-01-19T05:14:00+00:00,2024-01-19T05:14:00+00:00,TPE2024-01-19T04:55:00+00:002024-01-19T04:55:00+00:002024-01-19T05:14:00+00:00
Langakawi International,Asia/Kuala_Lumpur,LGK,WMKL,2,,,,2024-01-19T09:55:00+00:00,2024-01-19T09:55:00+00:00,2024-01-19T09:50:00+00:00,2024-01-19T09:50:00+00:00,2024-01-19T09:50:00+00:00,LGK2024-01-19T09:55:00+00:002024-01-19T09:55:00+00:002024-01-19T09:50:00+00:00
Xianyang,Asia/Shanghai,XIY,ZLXY,3,,,33.0,2024-01-20T00:20:00+00:00,2024-01-20T00:20:00+00:00,2024-01-20T00:53:00+00:00,2024-01-20T00:53:00+00:00,2024-01-20T00:53:00+00:00,XIY2024-01-20T00:20:00+00:002024-01-20T00:20:00+00:002024-01-20T00:53:00+00:00
Melbourne - Tullamarine Airport,Australia/Melbourne,MEL,YMML,2,7,,154.0,2024-01-20T05:40:00+00:00,2024-01-20T05:40:00+00:00,,,,MEL2024-01-20T05:40:00+00:002024-01-20T05:40:00+00:00
Singapore Changi,Asia/Singapore,SIN,WSSS,1,,20,31.0,2024-01-19T07:20:00+00:00,2024-01-19T07:20:00+00:00,2024-01-19T07:50:00+00:00,2024-01-19T07:50:00+00:00,2024-01-19T07:50:00+00:00,SIN2024-01-19T07:20:00+00:002024-01-19T07:20:00+00:002024-01-19T07:50:00+00:00
Singapore Changi,Asia/Singapore,SIN,WSSS,1,,12,,2024-01-19T12:05:00+00:00,2024-01-19T12:05:00+00:00,2024-01-19T11:57:00+00:00,2024-01-19T11:57:00+00:00,2024-01-19T11:57:00+00:00,SIN2024-01-19T12:05:00+00:002024-01-19T12:05:00+00:002024-01-19T11:57:00+00:00
Singapore Changi,Asia/Singapore,SIN,WSSS,1,,16,15.0,2024-01-19T18:30:00+00:00,2024-01-19T18:30:00+00:00,2024-01-19T18:45:00+00:00,2024-01-19T18:45:00+00:00,2024-01-19T18:45:00+00:00,SIN2024-01-19T18:30:00+00:002024-01-19T18:30:00+00:002024-01-19T18:45:00+00:00
Singapore Changi,Asia/Singapore,SIN,WSSS,1,,14,47.0,2024-01-19T07:40:00+00:00,2024-01-19T07:40:00+00:00,2024-01-19T08:27:00+00:00,2024-01-19T08:27:00+00:00,2024-01-19T08:27:00+00:00,SIN2024-01-19T07:40:00+00:002024-01-19T07:40:00+00:002024-01-19T08:27:00+00:00
Singapore Changi,Asia/Singapore,SIN,WSSS,1,,16,,2024-01-19T06:15:00+00:00,2024-01-19T06:15:00+00:00,2024-01-19T05:46:00+00:00,2024-01-19T05:46:00+00:00,2024-01-19T05:46:00+00:00,SIN2024-01-19T06:15:00+00:002024-01-19T06:15:00+00:002024-01-19T05:46:00+00:00
Singapore Changi,Asia/Singapore,SIN,WSSS,1,,12,11.0,2024-01-19T13:50:00+00:00,2024-01-19T13:50:00+00:00,2024-01-19T14:01:00+00:00,2024-01-19T14:01:00+00:00,2024-01-19T14:01:00+00:00,SIN2024-01-19T13:50:00+00:002024-01-19T13:50:00+00:002024-01-19T14:01:00+00:00
Mactan-Cebu International,Asia/Manila,CEB,RPVM,2,,,,2024-01-19T10:00:00+00:00,2024-01-19T10:00:00+00:00,2024-01-19T09:54:00+00:00,2024-01-19T09:54:00+00:00,2024-01-19T09:54:00+00:00,CEB2024-01-19T10:00:00+00:002024-01-19T10:00:00+00:002024-01-19T09:54:00+00:00
Singapore Changi,Asia/Singapore,SIN,WSSS,1,,12,14.0,2024-01-19T23:30:00+00:00,2024-01-19T23:30:00+00:00,2024-01-19T23:44:00+00:00,2024-01-19T23:44:00+00:00,2024-01-19T23:44:00+00:00,SIN2024-01-19T23:30:00+00:002024-01-19T23:30:00+00:002024-01-19T23:44:00+00:00
Shenyang,Asia/Shanghai,SHE,ZYTX,T3,,,,2024-01-19T09:15:00+00:00,2024-01-19T09:15:00+00:00,2024-01-19T08:51:00+00:00,2024-01-19T08:51:00+00:00,2024-01-19T08:51:00+00:00,SHE2024-01-19T09:15:00+00:002024-01-19T09:15:00+00:002024-01-19T08:51:00+00:00
Kuala Lumpur International Airport (klia),Asia/Kuala_Lumpur,KUL,WMKK,2,,4,,2024-01-19T10:10:00+00:00,2024-01-19T10:10:00+00:00,2024-01-19T10:08:00+00:00,2024-01-19T10:08:00+00:00,2024-01-19T10:08:00+00:00,KUL2024-01-19T10:10:00+00:002024-01-19T10:10:00+00:002024-01-19T10:08:00+00:00
Phuket International,Asia/Bangkok,HKT,VTSP,I,,,2.0,2024-01-19T09:55:00+00:00,2024-01-19T09:55:00+00:00,2024-01-19T09:54:00+00:00,2024-01-19T09:54:00+00:00,2024-01-19T09:54:00+00:00,HKT2024-01-19T09:55:00+00:002024-01-19T09:55:00+00:002024-01-19T09:54:00+00:00
Ngurah Rai International,Asia/Makassar,DPS,WADD,I,,4,,2024-01-19T18:05:00+00:00,2024-01-19T18:05:00+00:00,2024-01-19T17:56:00+00:00,2024-01-19T17:56:00+00:00,2024-01-19T17:56:00+00:00,DPS2024-01-19T18:05:00+00:002024-01-19T18:05:00+00:002024-01-19T17:56:00+00:00
Sultan Azlan Shah Airport,Asia/Kuala_Lumpur,IPH,WMKI,1,,,5.0,2024-01-19T16:45:00+00:00,2024-01-19T16:45:00+00:00,2024-01-19T16:49:00+00:00,2024-01-19T16:49:00+00:00,2024-01-19T16:49:00+00:00,IPH2024-01-19T16:45:00+00:002024-01-19T16:45:00+00:002024-01-19T16:49:00+00:00
Singapore Changi,Asia/Singapore,SIN,WSSS,1,,11,,2024-01-19T12:40:00+00:00,2024-01-19T12:40:00+00:00,2024-01-19T12:04:00+00:00,2024-01-19T12:04:00+00:00,2024-01-19T12:04:00+00:00,SIN2024-01-19T12:40:00+00:002024-01-19T12:40:00+00:002024-01-19T12:04:00+00:00
Civil,Asia/Kolkata,TRZ,VOTR,1,,,8.0,2024-01-20T00:35:00+00:00,2024-01-20T00:35:00+00:00,2024-01-20T00:42:00+00:00,2024-01-20T00:42:00+00:00,2024-01-20T00:42:00+00:00,TRZ2024-01-20T00:35:00+00:002024-01-20T00:35:00+00:002024-01-20T00:42:00+00:00
Kansai International,Asia/Tokyo,KIX,RJBB,1,12,,,2024-01-19T15:50:00+00:00,2024-01-19T15:50:00+00:00,2024-01-19T15:11:00+00:00,2024-01-19T15:11:00+00:00,2024-01-19T15:11:00+00:00,KIX2024-01-19T15:50:00+00:002024-01-19T15:50:00+00:002024-01-19T15:11:00+00:00
Langakawi International,Asia/Kuala_Lumpur,LGK,WMKL,2,,,,2024-01-19T17:25:00+00:00,2024-01-19T17:25:00+00:00,2024-01-19T17:22:00+00:00,2024-01-19T17:22:00+00:00,2024-01-19T17:22:00+00:00,LGK2024-01-19T17:25:00+00:002024-01-19T17:25:00+00:002024-01-19T17:22:00+00:00
Tan Son Nhat International,Asia/Ho_Chi_Minh,SGN,VVTS,2,,,6.0,2024-01-19T17:15:00+00:00,2024-01-19T17:15:00+00:00,2024-01-19T17:13:00+00:00,2024-01-19T17:13:00+00:00,2024-01-19T17:13:00+00:00,SGN2024-01-19T17:15:00+00:002024-01-19T17:15:00+00:002024-01-19T17:13:00+00:00
Yogyakarta International Airport,,YIA,WAHI,,,,,2024-01-19T09:00:00+00:00,2024-01-19T09:00:00+00:00,,,,YIA2024-01-19T09:00:00+00:002024-01-19T09:00:00+00:00
Singapore Changi,Asia/Singapore,SIN,WSSS,1,,19,,2024-01-20T00:35:00+00:00,2024-01-20T00:35:00+00:00,2024-01-20T00:21:00+00:00,2024-01-20T00:21:00+00:00,2024-01-20T00:21:00+00:00,SIN2024-01-20T00:35:00+00:002024-01-20T00:35:00+00:002024-01-20T00:21:00+00:00
Noibai International,Asia/Ho_Chi_Minh,HAN,VVNB,T2,,,,2024-01-19T10:30:00+00:00,2024-01-19T10:30:00+00:00,2024-01-19T10:22:00+00:00,2024-01-19T10:22:00+00:00,2024-01-19T10:22:00+00:00,HAN2024-01-19T10:30:00+00:002024-01-19T10:30:00+00:002024-01-19T10:22:00+00:00
Penang International,Asia/Kuala_Lumpur,PEN,WMKP,4,,,,2024-01-19T09:25:00+00:00,2024-01-19T09:25:00+00:00,2024-01-19T09:23:00+00:00,2024-01-19T09:23:00+00:00,2024-01-19T09:23:00+00:00,PEN2024-01-19T09:25:00+00:002024-01-19T09:25:00+00:002024-01-19T09:23:00+00:00
Singapore Changi,Asia/Singapore,SIN,WSSS,1,,20,9.0,2024-01-19T12:50:00+00:00,2024-01-19T12:50:00+00:00,2024-01-19T12:58:00+00:00,2024-01-19T12:58:00+00:00,2024-01-19T12:58:00+00:00,SIN2024-01-19T12:50:00+00:002024-01-19T12:50:00+00:002024-01-19T12:58:00+00:00
Singapore Changi,Asia/Singapore,SIN,WSSS,1,,11,16.0,2024-01-19T20:50:00+00:00,2024-01-19T20:50:00+00:00,2024-01-19T21:05:00+00:00,2024-01-19T21:05:00+00:00,2024-01-19T21:05:00+00:00,SIN2024-01-19T20:50:00+00:002024-01-19T20:50:00+00:002024-01-19T21:05:00+00:00
Singapore Changi,Asia/Singapore,SIN,WSSS,1,,16,,2024-01-20T00:45:00+00:00,2024-01-20T00:45:00+00:00,2024-01-20T00:38:00+00:00,2024-01-20T00:38:00+00:00,2024-01-20T00:38:00+00:00,SIN2024-01-20T00:45:00+00:002024-01-20T00:45:00+00:002024-01-20T00:38:00+00:00
Singapore Changi,Asia/Singapore,SIN,WSSS,1,,17,26.0,2024-01-19T20:05:00+00:00,2024-01-19T20:05:00+00:00,2024-01-19T20:31:00+00:00,2024-01-19T20:31:00+00:00,2024-01-19T20:31:00+00:00,SIN2024-01-19T20:05:00+00:002024-01-19T20:05:00+00:002024-01-19T20:31:00+00:00
Singapore Changi,Asia/Singapore,SIN,WSSS,1,,18,84.0,2024-01-20T06:45:00+00:00,2024-01-20T06:45:00+00:00,,,,SIN2024-01-20T06:45:00+00:002024-01-20T06:45:00+00:00
Perth International,Australia/Perth,PER,YPPH,1,,,1.0,2024-01-19T20:15:00+00:00,2024-01-19T20:15:00+00:00,2024-01-19T20:15:00+00:00,2024-01-19T20:15:00+00:00,2024-01-19T20:15:00+00:00,PER2024-01-19T20:15:00+00:002024-01-19T20:15:00+00:002024-01-19T20:15:00+00:00
Madras International (Meenambakkam),Asia/Kolkata,MAA,VOMM,2,,,6.0,2024-01-19T23:50:00+00:00,2024-01-19T23:50:00+00:00,2024-01-19T23:56:00+00:00,2024-01-19T23:56:00+00:00,2024-01-19T23:56:00+00:00,MAA2024-01-19T23:50:00+00:002024-01-19T23:50:00+00:002024-01-19T23:56:00+00:00
Singapore Changi,Asia/Singapore,SIN,WSSS,1,,10,2.0,2024-01-19T18:40:00+00:00,2024-01-19T18:40:00+00:00,2024-01-19T18:42:00+00:00,2024-01-19T18:42:00+00:00,2024-01-19T18:42:00+00:00,SIN2024-01-19T18:40:00+00:002024-01-19T18:40:00+00:002024-01-19T18:42:00+00:00
Civil,Asia/Kolkata,TRZ,VOTR,1,,,2.0,2024-01-19T23:25:00+00:00,2024-01-19T23:25:00+00:00,2024-01-19T23:24:00+00:00,2024-01-19T23:24:00+00:00,2024-01-19T23:24:00+00:00,TRZ2024-01-19T23:25:00+00:002024-01-19T23:25:00+00:002024-01-19T23:24:00+00:00
Singapore Changi,Asia/Singapore,SIN,WSSS,1,,20,9.0,2024-01-20T16:30:00+00:00,2024-01-20T16:30:00+00:00,2024-01-20T16:39:00+00:00,2024-01-20T16:39:00+00:00,2024-01-20T16:39:00+00:00,SIN2024-01-20T16:30:00+00:002024-01-20T16:30:00+00:002024-01-20T16:39:00+00:00
Singapore Changi,Asia/Singapore,SIN,WSSS,1,,19,,2024-01-20T17:25:00+00:00,2024-01-20T17:25:00+00:00,2024-01-20T17:18:00+00:00,2024-01-20T17:18:00+00:00,2024-01-20T17:18:00+00:00,SIN2024-01-20T17:25:00+00:002024-01-20T17:25:00+00:002024-01-20T17:18:00+00:00
Singapore Changi,Asia/Singapore,SIN,WSSS,1,,19,,2024-01-20T19:00:00+00:00,2024-01-20T19:00:00+00:00,2024-01-20T18:50:00+00:00,2024-01-20T18:50:00+00:00,2024-01-20T18:50:00+00:00,SIN2024-01-20T19:00:00+00:002024-01-20T19:00:00+00:002024-01-20T18:50:00+00:00
Lishe International Airport,Asia/Shanghai,NGB,ZSNB,T1,,E03,13.0,2024-01-20T17:15:00+00:00,2024-01-20T17:15:00+00:00,2024-01-20T17:27:00+00:00,2024-01-20T17:27:00+00:00,2024-01-20T17:27:00+00:00,NGB2024-01-20T17:15:00+00:002024-01-20T17:15:00+00:002024-01-20T17:27:00+00:00
Singapore Changi,Asia/Singapore,SIN,WSSS,1,,14,2.0,2024-01-20T18:30:00+00:00,2024-01-20T18:30:00+00:00,2024-01-20T18:31:00+00:00,2024-01-20T18:31:00+00:00,2024-01-20T18:31:00+00:00,SIN2024-01-20T18:30:00+00:002024-01-20T18:30:00+00:002024-01-20T18:31:00+00:00
Singapore Changi,Asia/Singapore,SIN,WSSS,1,,20,,2024-01-20T14:40:00+00:00,2024-01-20T14:40:00+00:00,2024-01-20T14:18:00+00:00,2024-01-20T14:18:00+00:00,2024-01-20T14:18:00+00:00,SIN2024-01-20T14:40:00+00:002024-01-20T14:40:00+00:002024-01-20T14:18:00+00:00
Seoul (Incheon),Asia/Seoul,ICN,RKSI,1,110,12,,2024-01-20T21:35:00+00:00,2024-01-20T21:35:00+00:00,2024-01-20T21:35:00+00:00,2024-01-20T21:35:00+00:00,2024-01-20T21:35:00+00:00,ICN2024-01-20T21:35:00+00:002024-01-20T21:35:00+00:002024-01-20T21:35:00+00:00
Krabi,Asia/Bangkok,KBV,VTSG,3,,,19.0,2024-01-20T15:10:00+00:00,2024-01-20T15:10:00+00:00,2024-01-20T15:28:00+00:00,2024-01-20T15:28:00+00:00,2024-01-20T15:28:00+00:00,KBV2024-01-20T15:10:00+00:002024-01-20T15:10:00+00:002024-01-20T15:28:00+00:00
Hat Yai,Asia/Bangkok,HDY,VTSS,2,,,19.0,2024-01-20T15:00:00+00:00,2024-01-20T15:00:00+00:00,2024-01-20T15:18:00+00:00,2024-01-20T15:18:00+00:00,2024-01-20T15:18:00+00:00,HDY2024-01-20T15:00:00+00:002024-01-20T15:00:00+00:002024-01-20T15:18:00+00:00
Francisco Bangoy International,Asia/Manila,DVO,RPMD,1,,,,2024-01-20T16:20:00+00:00,2024-01-20T16:20:00+00:00,2024-01-20T16:07:00+00:00,2024-01-20T16:07:00+00:00,2024-01-20T16:07:00+00:00,DVO2024-01-20T16:20:00+00:002024-01-20T16:20:00+00:002024-01-20T16:07:00+00:00
Wattay,Asia/Vientiane,VTE,VLVT,I,,,16.0,2024-01-20T14:35:00+00:00,2024-01-20T14:35:00+00:00,2024-01-20T14:50:00+00:00,2024-01-20T14:50:00+00:00,2024-01-20T14:50:00+00:00,VTE2024-01-20T14:35:00+00:002024-01-20T14:35:00+00:002024-01-20T14:50:00+00:00
Singapore Changi,Asia/Singapore,SIN,WSSS,1,,19,,2024-01-20T18:05:00+00:00,2024-01-20T18:05:00+00:00,2024-01-20T17:54:00+00:00,2024-01-20T17:54:00+00:00,2024-01-20T17:54:00+00:00,SIN2024-01-20T18:05:00+00:002024-01-20T18:05:00+00:002024-01-20T17:54:00+00:00
Singapore Changi,Asia/Singapore,SIN,WSSS,1,,20,,2024-01-20T15:45:00+00:00,2024-01-20T15:45:00+00:00,2024-01-20T15:35:00+00:00,2024-01-20T15:35:00+00:00,2024-01-20T15:35:00+00:00,SIN2024-01-20T15:45:00+00:002024-01-20T15:45:00+00:002024-01-20T15:35:00+00:00
Singapore Changi,Asia/Singapore,SIN,WSSS,1,,19,,2024-01-20T15:10:00+00:00,2024-01-20T15:10:00+00:00,2024-01-20T15:06:00+00:00,2024-01-20T15:06:00+00:00,2024-01-20T15:06:00+00:00,SIN2024-01-20T15:10:00+00:002024-01-20T15:10:00+00:002024-01-20T15:06:00+00:00
Ninoy Aquino International,Asia/Manila,MNL,RPLL,3,,,15.0,2024-01-20T18:30:00+00:00,2024-01-20T18:30:00+00:00,2024-01-20T18:45:00+00:00,2024-01-20T18:45:00+00:00,2024-01-20T18:45:00+00:00,MNL2024-01-20T18:30:00+00:002024-01-20T18:30:00+00:002024-01-20T18:45:00+00:00
Chiang Mai International,Asia/Bangkok,CNX,VTCC,1,,,17.0,2024-01-20T16:40:00+00:00,2024-01-20T16:40:00+00:00,2024-01-20T16:57:00+00:00,2024-01-20T16:57:00+00:00,2024-01-20T16:57:00+00:00,CNX2024-01-20T16:40:00+00:002024-01-20T16:40:00+00:002024-01-20T16:57:00+00:00
Singapore Changi,Asia/Singapore,SIN,WSSS,3,,45,,2024-01-20T12:25:00+00:00,2024-01-20T12:25:00+00:00,2024-01-20T12:23:00+00:00,2024-01-20T12:23:00+00:00,2024-01-20T12:23:00+00:00,SIN2024-01-20T12:25:00+00:002024-01-20T12:25:00+00:002024-01-20T12:23:00+00:00
Singapore Changi,Asia/Singapore,SIN,WSSS,1,,11,51.0,2024-01-20T17:05:00+00:00,2024-01-20T17:05:00+00:00,,,,SIN2024-01-20T17:05:00+00:002024-01-20T17:05:00+00:00
Macau International,Asia/Macau,MFM,VMMC,T1,,,,2024-01-20T17:40:00+00:00,2024-01-20T17:40:00+00:00,2024-01-20T17:14:00+00:00,2024-01-20T17:14:00+00:00,2024-01-20T17:14:00+00:00,MFM2024-01-20T17:40:00+00:002024-01-20T17:40:00+00:002024-01-20T17:14:00+00:00
Kansai International,Asia/Tokyo,KIX,RJBB,1,12,,,2024-01-20T15:50:00+00:00,2024-01-20T15:50:00+00:00,2024-01-20T15:49:00+00:00,2024-01-20T15:49:00+00:00,2024-01-20T15:49:00+00:00,KIX2024-01-20T15:50:00+00:002024-01-20T15:50:00+00:002024-01-20T15:49:00+00:00
Singapore Changi,Asia/Singapore,SIN,WSSS,1,,11,6.0,2024-01-20T14:55:00+00:00,2024-01-20T14:55:00+00:00,2024-01-20T15:01:00+00:00,2024-01-20T15:01:00+00:00,2024-01-20T15:01:00+00:00,SIN2024-01-20T14:55:00+00:002024-01-20T14:55:00+00:002024-01-20T15:01:00+00:00
Singapore Changi,Asia/Singapore,SIN,WSSS,1,,14,,2024-01-20T13:20:00+00:00,2024-01-20T13:20:00+00:00,2024-01-20T12:43:00+00:00,2024-01-20T12:43:00+00:00,2024-01-20T12:43:00+00:00,SIN2024-01-20T13:20:00+00:002024-01-20T13:20:00+00:002024-01-20T12:43:00+00:00
Singapore Changi,Asia/Singapore,SIN,WSSS,3,,45,52.0,2024-01-20T15:25:00+00:00,2024-01-20T15:25:00+00:00,,,,SIN2024-01-20T15:25:00+00:002024-01-20T15:25:00+00:00
Guangzhou Baiyun International,Asia/Shanghai,CAN,ZGGG,1,,3,38.0,2024-01-20T09:30:00+00:00,2024-01-20T09:30:00+00:00,2024-01-20T10:08:00+00:00,2024-01-20T10:08:00+00:00,2024-01-20T10:08:00+00:00,CAN2024-01-20T09:30:00+00:002024-01-20T09:30:00+00:002024-01-20T10:08:00+00:00
Singapore Changi,Asia/Singapore,SIN,WSSS,1,,11,20.0,2024-01-20T16:10:00+00:00,2024-01-20T16:10:00+00:00,2024-01-20T16:30:00+00:00,2024-01-20T16:30:00+00:00,2024-01-20T16:30:00+00:00,SIN2024-01-20T16:10:00+00:002024-01-20T16:10:00+00:002024-01-20T16:30:00+00:00
Singapore Changi,Asia/Singapore,SIN,WSSS,1,,10,140.0,2024-01-20T12:00:00+00:00,2024-01-20T12:00:00+00:00,,,,SIN2024-01-20T12:00:00+00:002024-01-20T12:00:00+00:00
Phuket International,Asia/Bangkok,HKT,VTSP,I,,,,2024-01-20T09:55:00+00:00,2024-01-20T09:55:00+00:00,2024-01-20T09:45:00+00:00,2024-01-20T09:45:00+00:00,2024-01-20T09:45:00+00:00,HKT2024-01-20T09:55:00+00:002024-01-20T09:55:00+00:002024-01-20T09:45:00+00:00
Diosdado Macapagal International (Clark International),Asia/Manila,CRK,RPLC,1,,,1.0,2024-01-20T08:05:00+00:00,2024-01-20T08:05:00+00:00,2024-01-20T08:06:00+00:00,2024-01-20T08:06:00+00:00,2024-01-20T08:06:00+00:00,CRK2024-01-20T08:05:00+00:002024-01-20T08:05:00+00:002024-01-20T08:06:00+00:00
Suvarnabhumi International,Asia/Bangkok,BKK,VTBS,MAIN,,,,2024-01-20T14:15:00+00:00,2024-01-20T14:15:00+00:00,2024-01-20T14:08:00+00:00,2024-01-20T14:08:00+00:00,2024-01-20T14:08:00+00:00,BKK2024-01-20T14:15:00+00:002024-01-20T14:15:00+00:002024-01-20T14:08:00+00:00
Singapore Changi,Asia/Singapore,SIN,WSSS,1,,20,,2024-01-20T12:40:00+00:00,2024-01-20T12:40:00+00:00,2024-01-20T12:25:00+00:00,2024-01-20T12:25:00+00:00,2024-01-20T12:25:00+00:00,SIN2024-01-20T12:40:00+00:002024-01-20T12:40:00+00:002024-01-20T12:25:00+00:00
Tan Son Nhat International,Asia/Ho_Chi_Minh,SGN,VVTS,2,,,,2024-01-20T14:10:00+00:00,2024-01-20T14:10:00+00:00,2024-01-20T14:03:00+00:00,2024-01-20T14:03:00+00:00,2024-01-20T14:03:00+00:00,SGN2024-01-20T14:10:00+00:002024-01-20T14:10:00+00:002024-01-20T14:03:00+00:00
Singapore Changi,Asia/Singapore,SIN,WSSS,1,,19,,2024-01-20T14:10:00+00:00,2024-01-20T14:10:00+00:00,2024-01-20T13:56:00+00:00,2024-01-20T13:56:00+00:00,2024-01-20T13:56:00+00:00,SIN2024-01-20T14:10:00+00:002024-01-20T14:10:00+00:002024-01-20T13:56:00+00:00
Samratulangi,Asia/Makassar,MDC,WAMM,2,,,26.0,2024-01-20T13:00:00+00:00,2024-01-20T13:00:00+00:00,,,,MDC2024-01-20T13:00:00+00:002024-01-20T13:00:00+00:00
Singapore Changi,Asia/Singapore,SIN,WSSS,1,,18,,2024-01-20T07:15:00+00:00,2024-01-20T07:15:00+00:00,2024-01-20T07:13:00+00:00,2024-01-20T07:13:00+00:00,2024-01-20T07:13:00+00:00,SIN2024-01-20T07:15:00+00:002024-01-20T07:15:00+00:002024-01-20T07:13:00+00:00
Singapore Changi,Asia/Singapore,SIN,WSSS,1,,20,4.0,2024-01-20T07:40:00+00:00,2024-01-20T07:40:00+00:00,2024-01-20T07:43:00+00:00,2024-01-20T07:43:00+00:00,2024-01-20T07:43:00+00:00,SIN2024-01-20T07:40:00+00:002024-01-20T07:40:00+00:002024-01-20T07:43:00+00:00
Kuala Lumpur International Airport (klia),Asia/Kuala_Lumpur,KUL,WMKK,2,,,11.0,2024-01-20T08:50:00+00:00,2024-01-20T08:50:00+00:00,2024-01-20T09:00:00+00:00,2024-01-20T09:00:00+00:00,2024-01-20T09:00:00+00:00,KUL2024-01-20T08:50:00+00:002024-01-20T08:50:00+00:002024-01-20T09:00:00+00:00
Sydney Kingsford Smith Airport,Australia/Sydney,SYD,YSSY,1,50,5,,2024-01-20T13:00:00+00:00,2024-01-20T13:00:00+00:00,2024-01-20T12:31:00+00:00,2024-01-20T12:31:00+00:00,2024-01-20T12:31:00+00:00,SYD2024-01-20T13:00:00+00:002024-01-20T13:00:00+00:002024-01-20T12:31:00+00:00
Singapore Changi,Asia/Singapore,SIN,WSSS,1,,10,16.0,2024-01-20T14:25:00+00:00,2024-01-20T14:25:00+00:00,2024-01-20T14:41:00+00:00,2024-01-20T14:41:00+00:00,2024-01-20T14:41:00+00:00,SIN2024-01-20T14:25:00+00:002024-01-20T14:25:00+00:002024-01-20T14:41:00+00:00
Singapore Changi,Asia/Singapore,SIN,WSSS,3,,47,,2024-01-20T12:55:00+00:00,2024-01-20T12:55:00+00:00,2024-01-20T12:49:00+00:00,2024-01-20T12:49:00+00:00,2024-01-20T12:49:00+00:00,SIN2024-01-20T12:55:00+00:002024-01-20T12:55:00+00:002024-01-20T12:49:00+00:00
Nanjing Lukou International Airport,Asia/Shanghai,NKG,ZSNJ,2,,2,,2024-01-20T15:45:00+00:00,2024-01-20T15:45:00+00:00,2024-01-20T15:09:00+00:00,2024-01-20T15:09:00+00:00,2024-01-20T15:09:00+00:00,NKG2024-01-20T15:45:00+00:002024-01-20T15:45:00+00:002024-01-20T15:09:00+00:00
Taiwan Taoyuan International (Chiang Kai Shek International),Asia/Taipei,TPE,RCTP,1,B6,1A,,2024-01-20T10:10:00+00:00,2024-01-20T10:10:00+00:00,2024-01-20T09:47:00+00:00,2024-01-20T09:47:00+00:00,2024-01-20T09:47:00+00:00,TPE2024-01-20T10:10:00+00:002024-01-20T10:10:00+00:002024-01-20T09:47:00+00:00
Hong Kong International,Asia/Hong_Kong,HKG,VHHH,1,,14,,2024-01-20T10:05:00+00:00,2024-01-20T10:05:00+00:00,2024-01-20T09:39:00+00:00,2024-01-20T09:39:00+00:00,2024-01-20T09:39:00+00:00,HKG2024-01-20T10:05:00+00:002024-01-20T10:05:00+00:002024-01-20T09:39:00+00:00
Singapore Changi,Asia/Singapore,SIN,WSSS,1,,11,15.0,2024-01-20T05:10:00+00:00,2024-01-20T05:10:00+00:00,2024-01-20T05:24:00+00:00,2024-01-20T05:24:00+00:00,2024-01-20T05:24:00+00:00,SIN2024-01-20T05:10:00+00:002024-01-20T05:10:00+00:002024-01-20T05:24:00+00:00
Ngurah Rai International,Asia/Makassar,DPS,WADD,I,,4,,2024-01-20T13:45:00+00:00,2024-01-20T13:45:00+00:00,2024-01-20T13:28:00+00:00,2024-01-20T13:28:00+00:00,2024-01-20T13:28:00+00:00,DPS2024-01-20T13:45:00+00:002024-01-20T13:45:00+00:002024-01-20T13:28:00+00:00
Tianhe International,Asia/Shanghai,WUH,ZHHH,3,,09,4.0,2024-01-20T22:25:00+00:00,2024-01-20T22:25:00+00:00,2024-01-20T22:29:00+00:00,2024-01-20T22:29:00+00:00,2024-01-20T22:29:00+00:00,WUH2024-01-20T22:25:00+00:002024-01-20T22:25:00+00:002024-01-20T22:29:00+00:00
Suvarnabhumi International,Asia/Bangkok,BKK,VTBS,D,,,,2024-01-20T19:00:00+00:00,2024-01-20T19:00:00+00:00,2024-01-20T18:37:00+00:00,2024-01-20T18:37:00+00:00,2024-01-20T18:37:00+00:00,BKK2024-01-20T19:00:00+00:002024-01-20T19:00:00+00:002024-01-20T18:37:00+00:00
Vishakhapatnam,Asia/Kolkata,VTZ,VOVZ,,,,8.0,2024-01-20T19:00:00+00:00,2024-01-20T19:00:00+00:00,2024-01-20T19:07:00+00:00,2024-01-20T19:07:00+00:00,2024-01-20T19:07:00+00:00,VTZ2024-01-20T19:00:00+00:002024-01-20T19:00:00+00:002024-01-20T19:07:00+00:00
Suvarnabhumi International,Asia/Bangkok,BKK,VTBS,3,,,,2024-01-20T08:30:00+00:00,2024-01-20T08:30:00+00:00,2024-01-20T08:02:00+00:00,2024-01-20T08:02:00+00:00,2024-01-20T08:02:00+00:00,BKK2024-01-20T08:30:00+00:002024-01-20T08:30:00+00:002024-01-20T08:02:00+00:00
Haikou,Asia/Shanghai,HAK,ZJHK,2,,01,,2024-01-20T10:00:00+00:00,2024-01-20T10:00:00+00:00,2024-01-20T09:43:00+00:00,2024-01-20T09:43:00+00:00,2024-01-20T09:43:00+00:00,HAK2024-01-20T10:00:00+00:002024-01-20T10:00:00+00:002024-01-20T09:43:00+00:00
Mactan-Cebu International,Asia/Manila,CEB,RPVM,2,,,5.0,2024-01-20T10:00:00+00:00,2024-01-20T10:00:00+00:00,2024-01-20T10:05:00+00:00,2024-01-20T10:05:00+00:00,2024-01-20T10:05:00+00:00,CEB2024-01-20T10:00:00+00:002024-01-20T10:00:00+00:002024-01-20T10:05:00+00:00
Singapore Changi,Asia/Singapore,SIN,WSSS,1,,16,40.0,2024-01-20T15:00:00+00:00,2024-01-20T15:00:00+00:00,2024-01-20T15:40:00+00:00,2024-01-20T15:40:00+00:00,2024-01-20T15:40:00+00:00,SIN2024-01-20T15:00:00+00:002024-01-20T15:00:00+00:002024-01-20T15:40:00+00:00
Singapore Changi,Asia/Singapore,SIN,WSSS,1,,10,,2024-01-20T11:45:00+00:00,2024-01-20T11:45:00+00:00,2024-01-20T11:20:00+00:00,2024-01-20T11:20:00+00:00,2024-01-20T11:20:00+00:00,SIN2024-01-20T11:45:00+00:002024-01-20T11:45:00+00:002024-01-20T11:20:00+00:00
Ngurah Rai International,Asia/Makassar,DPS,WADD,I,,4,,2024-01-20T09:55:00+00:00,2024-01-20T09:55:00+00:00,2024-01-20T09:46:00+00:00,2024-01-20T09:46:00+00:00,2024-01-20T09:46:00+00:00,DPS2024-01-20T09:55:00+00:002024-01-20T09:55:00+00:002024-01-20T09:46:00+00:00
Sultan Azlan Shah Airport,Asia/Kuala_Lumpur,IPH,WMKI,1,,,15.0,2024-01-20T08:25:00+00:00,2024-01-20T08:25:00+00:00,,,,IPH2024-01-20T08:25:00+00:002024-01-20T08:25:00+00:00
Kuching,Asia/Kuching,KCH,WBGG,2,,,12.0,2024-01-20T08:50:00+00:00,2024-01-20T08:50:00+00:00,2024-01-20T09:01:00+00:00,2024-01-20T09:01:00+00:00,2024-01-20T09:01:00+00:00,KCH2024-01-20T08:50:00+00:002024-01-20T08:50:00+00:002024-01-20T09:01:00+00:00
Tan Son Nhat International,Asia/Ho_Chi_Minh,SGN,VVTS,2,,,,2024-01-20T08:30:00+00:00,2024-01-20T08:30:00+00:00,2024-01-20T08:21:00+00:00,2024-01-20T08:21:00+00:00,2024-01-20T08:21:00+00:00,SGN2024-01-20T08:30:00+00:002024-01-20T08:30:00+00:002024-01-20T08:21:00+00:00
Singapore Changi,Asia/Singapore,SIN,WSSS,1,,18,,2024-01-20T10:30:00+00:00,2024-01-20T10:30:00+00:00,2024-01-20T10:20:00+00:00,2024-01-20T10:20:00+00:00,2024-01-20T10:20:00+00:00,SIN2024-01-20T10:30:00+00:002024-01-20T10:30:00+00:002024-01-20T10:20:00+00:00
Melbourne - Tullamarine Airport,Australia/Melbourne,MEL,YMML,2,18,,,2024-01-20T21:30:00+00:00,2024-01-20T21:30:00+00:00,2024-01-20T21:21:00+00:00,2024-01-20T21:21:00+00:00,2024-01-20T21:21:00+00:00,MEL2024-01-20T21:30:00+00:002024-01-20T21:30:00+00:002024-01-20T21:21:00+00:00
Singapore Changi,Asia/Singapore,SIN,WSSS,1,,20,,2024-01-20T13:35:00+00:00,2024-01-20T13:35:00+00:00,2024-01-20T13:20:00+00:00,2024-01-20T13:20:00+00:00,2024-01-20T13:20:00+00:00,SIN2024-01-20T13:35:00+00:002024-01-20T13:35:00+00:002024-01-20T13:20:00+00:00
Singapore Changi,Asia/Singapore,SIN,WSSS,1,,12,36.0,2024-01-20T15:45:00+00:00,2024-01-20T15:45:00+00:00,2024-01-20T16:20:00+00:00,2024-01-20T16:20:00+00:00,2024-01-20T16:20:00+00:00,SIN2024-01-20T15:45:00+00:002024-01-20T15:45:00+00:002024-01-20T16:20:00+00:00
Taiwan Taoyuan International (Chiang Kai Shek International),Asia/Taipei,TPE,RCTP,1,B6,1A,15.0,2024-01-20T05:35:00+00:00,2024-01-20T05:35:00+00:00,2024-01-20T05:50:00+00:00,2024-01-20T05:50:00+00:00,2024-01-20T05:50:00+00:00,TPE2024-01-20T05:35:00+00:002024-01-20T05:35:00+00:002024-01-20T05:50:00+00:00
Ninoy Aquino International,Asia/Manila,MNL,RPLL,3,,,24.0,2024-01-20T05:00:00+00:00,2024-01-20T05:00:00+00:00,2024-01-20T05:24:00+00:00,2024-01-20T05:24:00+00:00,2024-01-20T05:24:00+00:00,MNL2024-01-20T05:00:00+00:002024-01-20T05:00:00+00:002024-01-20T05:24:00+00:00
Melbourne - Tullamarine Airport,Australia/Melbourne,MEL,YMML,2,7,,59.0,2024-01-20T11:40:00+00:00,2024-01-20T11:40:00+00:00,,,,MEL2024-01-20T11:40:00+00:002024-01-20T11:40:00+00:00
Singapore Changi,Asia/Singapore,SIN,WSSS,1,,20,30.0,2024-01-20T18:40:00+00:00,2024-01-20T18:40:00+00:00,2024-01-20T19:09:00+00:00,2024-01-20T19:09:00+00:00,2024-01-20T19:09:00+00:00,SIN2024-01-20T18:40:00+00:002024-01-20T18:40:00+00:002024-01-20T19:09:00+00:00
Singapore Changi,Asia/Singapore,SIN,WSSS,1,,18,,2024-01-20T06:15:00+00:00,2024-01-20T06:15:00+00:00,2024-01-20T06:09:00+00:00,2024-01-20T06:09:00+00:00,2024-01-20T06:09:00+00:00,SIN2024-01-20T06:15:00+00:002024-01-20T06:15:00+00:002024-01-20T06:09:00+00:00
Singapore Changi,Asia/Singapore,SIN,WSSS,1,,11,,2024-01-20T19:30:00+00:00,2024-01-20T19:30:00+00:00,2024-01-20T18:57:00+00:00,2024-01-20T18:57:00+00:00,2024-01-20T18:57:00+00:00,SIN2024-01-20T19:30:00+00:002024-01-20T19:30:00+00:002024-01-20T18:57:00+00:00
Suvarnabhumi International,Asia/Bangkok,BKK,VTBS,MAIN,,,54.0,2024-01-20T10:55:00+00:00,2024-01-20T10:55:00+00:00,2024-01-20T11:48:00+00:00,2024-01-20T11:48:00+00:00,2024-01-20T11:48:00+00:00,BKK2024-01-20T10:55:00+00:002024-01-20T10:55:00+00:002024-01-20T11:48:00+00:00
Sydney Kingsford Smith Airport,Australia/Sydney,SYD,YSSY,1,50,5,8.0,2024-01-20T20:40:00+00:00,2024-01-20T20:40:00+00:00,2024-01-20T20:48:00+00:00,2024-01-20T20:48:00+00:00,2024-01-20T20:48:00+00:00,SYD2024-01-20T20:40:00+00:002024-01-20T20:40:00+00:002024-01-20T20:48:00+00:00
Soekarno-Hatta International,Asia/Jakarta,CGK,WIII,2,,,,2024-01-20T10:35:00+00:00,2024-01-20T10:35:00+00:00,2024-01-20T10:29:00+00:00,2024-01-20T10:29:00+00:00,2024-01-20T10:29:00+00:00,CGK2024-01-20T10:35:00+00:002024-01-20T10:35:00+00:002024-01-20T10:29:00+00:00
King Abdulaziz International,Asia/Riyadh,JED,OEJN,1,,,66.0,2024-01-20T21:00:00+00:00,2024-01-20T21:00:00+00:00,,,,JED2024-01-20T21:00:00+00:002024-01-20T21:00:00+00:00
Tan Son Nhat International,Asia/Ho_Chi_Minh,SGN,VVTS,2,,,,2024-01-20T17:15:00+00:00,2024-01-20T17:15:00+00:00,2024-01-20T17:11:00+00:00,2024-01-20T17:11:00+00:00,2024-01-20T17:11:00+00:00,SGN2024-01-20T17:15:00+00:002024-01-20T17:15:00+00:002024-01-20T17:11:00+00:00
Suvarnabhumi International,Asia/Bangkok,BKK,VTBS,MAIN,,,,2024-01-20T17:30:00+00:00,2024-01-20T17:30:00+00:00,2024-01-20T17:12:00+00:00,2024-01-20T17:12:00+00:00,2024-01-20T17:12:00+00:00,BKK2024-01-20T17:30:00+00:002024-01-20T17:30:00+00:002024-01-20T17:12:00+00:00
Perth International,Australia/Perth,PER,YPPH,1,,,,2024-01-20T20:15:00+00:00,2024-01-20T20:15:00+00:00,2024-01-20T20:09:00+00:00,2024-01-20T20:09:00+00:00,2024-01-20T20:09:00+00:00,PER2024-01-20T20:15:00+00:002024-01-20T20:15:00+00:002024-01-20T20:09:00+00:00
Ngurah Rai International,Asia/Makassar,DPS,WADD,I,,4,21.0,2024-01-20T18:05:00+00:00,2024-01-20T18:05:00+00:00,2024-01-20T18:26:00+00:00,2024-01-20T18:26:00+00:00,2024-01-20T18:26:00+00:00,DPS2024-01-20T18:05:00+00:002024-01-20T18:05:00+00:002024-01-20T18:26:00+00:00
Singapore Changi,Asia/Singapore,SIN,WSSS,1,,10,5.0,2024-01-20T09:40:00+00:00,2024-01-20T09:40:00+00:00,2024-01-20T09:44:00+00:00,2024-01-20T09:44:00+00:00,2024-01-20T09:44:00+00:00,SIN2024-01-20T09:40:00+00:002024-01-20T09:40:00+00:002024-01-20T09:44:00+00:00
Singapore Changi,Asia/Singapore,SIN,WSSS,1,,10,,2024-01-20T23:40:00+00:00,2024-01-20T23:40:00+00:00,2024-01-20T23:15:00+00:00,2024-01-20T23:15:00+00:00,2024-01-20T23:15:00+00:00,SIN2024-01-20T23:40:00+00:002024-01-20T23:40:00+00:002024-01-20T23:15:00+00:00
Singapore Changi,Asia/Singapore,SIN,WSSS,1,,12,,2024-01-21T00:45:00+00:00,2024-01-21T00:45:00+00:00,2024-01-21T00:23:00+00:00,2024-01-21T00:23:00+00:00,2024-01-21T00:23:00+00:00,SIN2024-01-21T00:45:00+00:002024-01-21T00:45:00+00:002024-01-21T00:23:00+00:00
Sultan Azlan Shah Airport,Asia/Kuala_Lumpur,IPH,WMKI,1,,,,2024-01-20T16:45:00+00:00,2024-01-20T16:45:00+00:00,2024-01-20T16:36:00+00:00,2024-01-20T16:36:00+00:00,2024-01-20T16:36:00+00:00,IPH2024-01-20T16:45:00+00:002024-01-20T16:45:00+00:002024-01-20T16:36:00+00:00
Madras International (Meenambakkam),Asia/Kolkata,MAA,VOMM,2,,,8.0,2024-01-20T23:50:00+00:00,2024-01-20T23:50:00+00:00,2024-01-20T23:58:00+00:00,2024-01-20T23:58:00+00:00,2024-01-20T23:58:00+00:00,MAA2024-01-20T23:50:00+00:002024-01-20T23:50:00+00:002024-01-20T23:58:00+00:00
Narita International Airport,Asia/Tokyo,NRT,RJAA,1,36,,21.0,2024-01-21T06:15:00+00:00,2024-01-21T06:15:00+00:00,2024-01-21T06:35:00+00:00,2024-01-21T06:35:00+00:00,2024-01-21T06:35:00+00:00,NRT2024-01-21T06:15:00+00:002024-01-21T06:15:00+00:002024-01-21T06:35:00+00:00
Singapore Changi,Asia/Singapore,SIN,WSSS,1,,12,29.0,2024-01-20T19:20:00+00:00,2024-01-20T19:20:00+00:00,2024-01-20T19:48:00+00:00,2024-01-20T19:48:00+00:00,2024-01-20T19:48:00+00:00,SIN2024-01-20T19:20:00+00:002024-01-20T19:20:00+00:002024-01-20T19:48:00+00:00
Singapore Changi,Asia/Singapore,SIN,WSSS,1,,19,,2024-01-20T07:20:00+00:00,2024-01-20T07:20:00+00:00,2024-01-20T07:20:00+00:00,2024-01-20T07:20:00+00:00,2024-01-20T07:20:00+00:00,SIN2024-01-20T07:20:00+00:002024-01-20T07:20:00+00:002024-01-20T07:20:00+00:00
Singapore Changi,Asia/Singapore,SIN,WSSS,1,,20,,2024-01-20T08:15:00+00:00,2024-01-20T08:15:00+00:00,2024-01-20T08:10:00+00:00,2024-01-20T08:10:00+00:00,2024-01-20T08:10:00+00:00,SIN2024-01-20T08:15:00+00:002024-01-20T08:15:00+00:002024-01-20T08:10:00+00:00
Singapore Changi,Asia/Singapore,SIN,WSSS,1,,12,60.0,2024-01-21T12:45:00+00:00,2024-01-21T12:45:00+00:00,,,,SIN2024-01-21T12:45:00+00:002024-01-21T12:45:00+00:00
Singapore Changi,Asia/Singapore,SIN,WSSS,1,,17,,2024-01-20T23:10:00+00:00,2024-01-20T23:10:00+00:00,2024-01-20T23:04:00+00:00,2024-01-20T23:04:00+00:00,2024-01-20T23:04:00+00:00,SIN2024-01-20T23:10:00+00:002024-01-20T23:10:00+00:002024-01-20T23:04:00+00:00
Singapore Changi,Asia/Singapore,SIN,WSSS,1,,10,,2024-01-20T13:15:00+00:00,2024-01-20T13:15:00+00:00,2024-01-20T13:05:00+00:00,2024-01-20T13:05:00+00:00,2024-01-20T13:05:00+00:00,SIN2024-01-20T13:15:00+00:002024-01-20T13:15:00+00:002024-01-20T13:05:00+00:00
Penang International,Asia/Kuala_Lumpur,PEN,WMKP,I,,,,2024-01-20T09:25:00+00:00,2024-01-20T09:25:00+00:00,2024-01-20T09:13:00+00:00,2024-01-20T09:13:00+00:00,2024-01-20T09:13:00+00:00,PEN2024-01-20T09:25:00+00:002024-01-20T09:25:00+00:002024-01-20T09:13:00+00:00
Civil,Asia/Kolkata,TRZ,VOTR,1,,,,2024-01-20T23:25:00+00:00,2024-01-20T23:25:00+00:00,,,,TRZ2024-01-20T23:25:00+00:002024-01-20T23:25:00+00:00
Singapore Changi,Asia/Singapore,SIN,WSSS,1,,16,2.0,2024-01-21T06:45:00+00:00,2024-01-21T06:45:00+00:00,2024-01-21T06:46:00+00:00,2024-01-21T06:46:00+00:00,2024-01-21T06:46:00+00:00,SIN2024-01-21T06:45:00+00:002024-01-21T06:45:00+00:002024-01-21T06:46:00+00:00
Nanning,Asia/Shanghai,NNG,ZGNN,T2,,,,2024-01-20T13:45:00+00:00,2024-01-20T13:45:00+00:00,2024-01-20T13:36:00+00:00,2024-01-20T13:36:00+00:00,2024-01-20T13:36:00+00:00,NNG2024-01-20T13:45:00+00:002024-01-20T13:45:00+00:002024-01-20T13:36:00+00:00
Singapore Changi,Asia/Singapore,SIN,WSSS,1,,12,22.0,2024-01-20T18:40:00+00:00,2024-01-20T18:40:00+00:00,2024-01-20T19:01:00+00:00,2024-01-20T19:01:00+00:00,2024-01-20T19:01:00+00:00,SIN2024-01-20T18:40:00+00:002024-01-20T18:40:00+00:002024-01-20T19:01:00+00:00
Singapore Changi,Asia/Singapore,SIN,WSSS,1,,14,,2024-01-21T06:15:00+00:00,2024-01-21T06:15:00+00:00,2024-01-21T06:14:00+00:00,2024-01-21T06:14:00+00:00,2024-01-21T06:14:00+00:00,SIN2024-01-21T06:15:00+00:002024-01-21T06:15:00+00:002024-01-21T06:14:00+00:00
Singapore Changi,Asia/Singapore,SIN,WSSS,1,,17,,2024-01-20T21:10:00+00:00,2024-01-20T21:10:00+00:00,2024-01-20T21:00:00+00:00,2024-01-20T21:00:00+00:00,2024-01-20T21:00:00+00:00,SIN2024-01-20T21:10:00+00:002024-01-20T21:10:00+00:002024-01-20T21:00:00+00:00
Hangzhou,Asia/Shanghai,HGH,ZSHC,4,,26,,2024-01-20T21:45:00+00:00,2024-01-20T21:45:00+00:00,2024-01-20T21:15:00+00:00,2024-01-20T21:15:00+00:00,2024-01-20T21:15:00+00:00,HGH2024-01-20T21:45:00+00:002024-01-20T21:45:00+00:002024-01-20T21:15:00+00:00
Singapore Changi,Asia/Singapore,SIN,WSSS,1,,19,2.0,2024-01-21T04:25:00+00:00,2024-01-21T04:25:00+00:00,2024-01-21T04:19:00+00:00,2024-01-21T04:19:00+00:00,2024-01-21T04:19:00+00:00,SIN2024-01-21T04:25:00+00:002024-01-21T04:25:00+00:002024-01-21T04:19:00+00:00
Singapore Changi,Asia/Singapore,SIN,WSSS,1,,18,20.0,2024-01-21T04:10:00+00:00,2024-01-21T04:10:00+00:00,2024-01-21T04:29:00+00:00,2024-01-21T04:29:00+00:00,2024-01-21T04:29:00+00:00,SIN2024-01-21T04:10:00+00:002024-01-21T04:10:00+00:002024-01-21T04:29:00+00:00
Singapore Changi,Asia/Singapore,SIN,WSSS,1,,16,18.0,2024-01-20T23:30:00+00:00,2024-01-20T23:30:00+00:00,2024-01-20T23:48:00+00:00,2024-01-20T23:48:00+00:00,2024-01-20T23:48:00+00:00,SIN2024-01-20T23:30:00+00:002024-01-20T23:30:00+00:002024-01-20T23:48:00+00:00
Singapore Changi,Asia/Singapore,SIN,WSSS,1,,16,,2024-01-20T22:35:00+00:00,2024-01-20T22:35:00+00:00,2024-01-20T22:29:00+00:00,2024-01-20T22:29:00+00:00,2024-01-20T22:29:00+00:00,SIN2024-01-20T22:35:00+00:002024-01-20T22:35:00+00:002024-01-20T22:29:00+00:00
Singapore Changi,Asia/Singapore,SIN,WSSS,1,,14,,2024-01-21T05:00:00+00:00,2024-01-21T05:00:00+00:00,2024-01-21T04:07:00+00:00,2024-01-21T04:07:00+00:00,2024-01-21T04:07:00+00:00,SIN2024-01-21T05:00:00+00:002024-01-21T05:00:00+00:002024-01-21T04:07:00+00:00
Kuala Lumpur International Airport (klia),Asia/Kuala_Lumpur,KUL,WMKK,2,,,5.0,2024-01-20T10:10:00+00:00,2024-01-20T10:10:00+00:00,2024-01-20T10:14:00+00:00,2024-01-20T10:14:00+00:00,2024-01-20T10:14:00+00:00,KUL2024-01-20T10:10:00+00:002024-01-20T10:10:00+00:002024-01-20T10:14:00+00:00
